{"loss": [0.16368119418621063, 0.16669002175331116, 0.15434877574443817, 0.12851597368717194, 0.12531128525733948, 0.12169316411018372, 0.08970913290977478, 0.09413694590330124, 0.0954238548874855, 0.10013176500797272], "accuracy": [0.9427480697631836, 0.9389312863349915, 0.952562689781189, 0.9596510529518127, 0.9591057896614075, 0.9618320465087891, 0.9738277196884155, 0.9743729829788208, 0.972737193107605, 0.9743729829788208], "val_loss": [0.2936387062072754, 0.2800455689430237, 0.23567190766334534, 0.21736183762550354, 0.20976316928863525, 0.1929231584072113, 0.09568065404891968, 0.16079367697238922, 0.1319594383239746, 0.1490008383989334], "val_accuracy": [0.9460196495056152, 0.9618320465087891, 0.9574699997901917, 0.9569247364997864, 0.9749181866645813, 0.9770992398262024, 0.9738277196884155, 0.9765539765357971, 0.9765539765357971, 0.979825496673584]}